Id,CartId,Product2Id,Name,Quantity,TotalPrice,Type,CreatedDate
0a9Wj00000XzOFcIAN,0a6Wj000000iy25IAA,01tam00000BCKt2AAH,Alabama ACAP Success Grade 7 Mathematics,1,0,Product,2026-02-26T14:54:03.000+0000
0a9Wj00000YuZFfIAN,0a6am000001JuSXAA0,01tam00000BCKsnAAH,Alabama ACAP Success Grade 2 Mathematics,10,0,Product,2026-03-06T13:29:02.000+0000
0a9Wj00000YuZFgIAN,0a6am000001JuSXAA0,01tam00000BCKt0AAH,Alabama ACAP Success Grade 8 Mathematics,1,0,Product,2026-03-06T13:29:02.000+0000
0a9Wj00000YuZFhIAN,0a6am000001JuSXAA0,01tam00000BCKt2AAH,Alabama ACAP Success Grade 7 Mathematics,11,0,Product,2026-03-06T13:29:02.000+0000
0a9Wj00000ZaXUVIA3,0a6Wj000000jxdRIAQ,01tam00000BCLH2AAP,Georgia GSE Success Grade 3 Science,20,820,Product,2026-03-12T16:32:18.000+0000
0a9Wj00000Zd2aXIAR,0a6Wj000000k0TFIAY,01tam00000BCLH2AAP,Georgia GSE Success Grade 3 Science,10,410,Product,2026-03-12T21:25:36.000+0000
0a9Wj00000at9U9IAI,0a6Wj000000kiCXIAY,01tWj00000BiwbRIAR,Georgia K-12 Standards Success Grade 8 ELA,30,1695,Product,2026-03-24T18:08:38.000+0000
0a9Wj00000avKOfIAM,0a6Wj000000kkhNIAQ,01tWj00000BivdlIAB,Georgia GSE Success Biology EOC: Milestones Edition,30,1695,Product,2026-03-24T22:07:47.000+0000
0a9Wj00000avKRtIAM,0a6Wj000000kkkbIAA,01tWj00000BivdlIAB,Georgia GSE Success Biology EOC: Milestones Edition,30,1695,Product,2026-03-24T22:07:48.000+0000
0a9Wj00000avKV7IAM,0a6Wj000000kkizIAA,01tWj00000BivdlIAB,Georgia GSE Success Biology EOC: Milestones Edition,40,2260,Product,2026-03-24T22:07:48.000+0000
0a9Wj00000axM7vIAE,0a6Wj000000kkizIAA,01tWj00000Bitx0IAB,Georgia GSE Success American Government/Civics,10,410,Product,2026-03-25T13:01:36.000+0000
0a9Wj00000axMe7IAE,0a6Wj000000klojIAA,01tWj00000BiwbRIAR,Georgia K-12 Standards Success Grade 8 ELA,21,861,Product,2026-03-25T12:24:11.000+0000
0a9Wj00000axYYoIAM,0a6Wj000000klvBIAQ,01tWj00000BiwbRIAR,Georgia K-12 Standards Success Grade 8 ELA,30,1695,Product,2026-03-25T12:38:48.000+0000
0a9Wj00000axerJIAQ,0a6Wj000000klvBIAQ,01tWj00000BivdlIAB,Georgia GSE Success Biology EOC: Milestones Edition,10,410,Product,2026-03-25T13:41:16.000+0000
0a9Wj00000axhkBIAQ,0a6Wj000000k473IAA,01tWj00000BiwbRIAR,Georgia K-12 Standards Success Grade 8 ELA,21,861,Product,2026-03-25T12:38:12.000+0000
0a9Wj00000azhGHIAY,0a6Wj000000knKHIAY,01tWj00000BiwbRIAR,Georgia K-12 Standards Success Grade 8 ELA,30,1695,Product,2026-03-25T15:59:12.000+0000
0a9Wj00000azhGIIAY,0a6Wj000000knKHIAY,01tWj00000BivdlIAB,Georgia GSE Success Biology EOC: Milestones Edition,10,410,Product,2026-03-25T15:59:12.000+0000
0a9Wj00000b0oh4IAA,0a6Wj000000knYnIAI,01tWj00000BivdlIAB,Georgia GSE Success Biology EOC: Milestones Edition,40,2260,Product,2026-03-25T16:30:42.000+0000
0a9Wj00000b0oh5IAA,0a6Wj000000knYnIAI,01tWj00000Bitx0IAB,Georgia GSE Success American Government/Civics,10,410,Product,2026-03-25T16:30:42.000+0000
0a9Wj00000b5wcNIAQ,0a6Wj000000krULIAY,01tWj00000BiwUzIAJ,Georgia K-12 Standards Success Grade 6 ELA,20,820,Product,2026-03-26T13:04:11.000+0000
0a9Wj00000b64JqIAI,0a6Wj000000krULIAY,01tWj00000BivnRIAR,Georgia GSE Success Grade 5 Social Studies,68,3842,Product,2026-03-26T13:00:58.000+0000
0a9Wj00000b7noQIAQ,0a6Wj000000ks2DIAQ,01tWj00000Bitx0IAB,Georgia GSE Success American Government/Civics,30,765,Product,2026-03-26T14:04:47.000+0000
0a9Wj00000bBjkUIAS,0a6Wj000000kvjFIAQ,01tWj00000Biw0LIAR,Georgia GSE Success Physical Science,25,637.5,Product,2026-03-26T21:56:25.000+0000
0a9Wj00000bBxaYIAS,0a6Wj000000kvjFIAQ,01tWj00000BivgzIAB,Georgia GSE Success Grade 3 Social Studies,10,410,Product,2026-03-26T21:54:21.000+0000
0a9Wj00000bC2K5IAK,0a6Wj000000kvjFIAQ,01tWj00000BivlpIAB,Georgia GSE Success Grade 5 Science EOG: Milestones Edition,24,984,Product,2026-03-26T21:55:01.000+0000
0a9Wj00000bC2lVIAS,0a6Wj000000kvjFIAQ,01tWj00000Biw6nIAB,Georgia K-12 Standards Success Enhanced Advanced Algebra and AP Precalculus: Concepts & Connections EOC,40,1020,Product,2026-03-26T21:55:51.000+0000
0a9Wj00000bEGUDIA4,0a6Wj000000kvjFIAQ,01tWj00000BiwYDIAZ,Georgia K-12 Standards Success Grade 7 ELA,20,820,Product,2026-03-27T12:19:18.000+0000
